Mean (cents),Amplitude (normalized),Standard Deviation (cents),Offset (normalized),Skewness
9,0.016167422266812573,7.080155416416493,-0.041612007007900166,-0.8369571026689864
91,0.0033314451349742533,52.84658043157196,-0.01876928825104715,-7.684895438283804
495,0.024596935410857588,25.741971073781613,-0.011162366529416358,0.7888670979145269
704,0.018670170181137258,32.439608577577665,-0.012310732151103874,2.9249074928883965
800,0.9030050714755267,451.38930415512147,1.1283997159499557,0.00020814493327622817
1025,0.003726927371200811,55.74424871945643,-0.010293383592929401,-4.093576338668423
1190,0.030502028159490834,10.535893672620466,-0.034251938417558615,1.1731647094259414
