Mean (cents),Amplitude (normalized),Standard Deviation (cents),Offset (normalized),Skewness
3,0.22917054709516405,4.431275929915063,0.29543035518549937,0.01822515578630694
96,0.05736846864568252,24.040217525572228,0.10770182832493991,-2.535414093597333
185,0.017708479447683424,31.658168575652578,0.07827486286992906,4.460423115069232
491,0.189254682234549,12.53182654408143,0.08790425202119653,1.2647209610317223
699,0.19599639328606994,11.814888571568295,0.11944381277795743,2.048534287702042
802,0.05033980908627684,37.94405984258637,0.07389352398223013,-5.251228104968642
1195,0.2601616202045742,6.356902701389799,0.23735136483824765,-1.3030946108619423
