Mean (cents),Amplitude (normalized),Standard Deviation (cents),Offset (normalized),Skewness
9,0.013208496262900557,3.459337605254393,-0.1681303295062706,0.9474962372191651
495,0.029782229856469965,25.334794384389664,-0.06650879670629121,1.9100676336574522
704,0.04917824778796345,22.764967567063966,-0.04177164433528232,1.4253113835751197
800,0.8614184870756877,235.54751014162383,1.4228379699662268,-0.0001876404469436058
1190,0.046412539016978345,7.994309809658667,-0.1464271994183827,1.3025055225801512
