Mean (cents),Amplitude (normalized),Standard Deviation (cents),Offset (normalized),Skewness
3,0.12751143912217197,5.111062083475639,0.3268615577258107,-2.0672025736115422
96,0.06068142071986291,17.495187472720115,0.10071295782105853,-2.336393848244823
185,0.018818299153244705,30.340208566217687,0.05348757528064143,5.388453053015974
491,0.23853236771371222,10.221732540617905,0.08737201954940232,0.8741947816023403
699,0.2382044217866531,10.387873580374901,0.10068009623905827,1.812609559923641
802,0.05681209980175232,32.92682357207168,0.06152707350495265,-5.243044850159666
1195,0.2594399517026027,5.465995529003897,0.2693587198790762,1.255542578196609
