Mean (cents),Amplitude (normalized),Standard Deviation (cents),Offset (normalized),Skewness
4,0.2893349775698307,4.553886602184152,0.37116259833833043,-0.013143536658480767
92,0.05228513672782861,22.569220999769954,0.0763563232468209,-2.5221270072414144
487,0.07439581102527607,14.665562610119162,0.03667057249392333,-0.9283281845876139
700,0.18864059135042566,14.009289839041609,0.08469615899781906,2.354242672398978
791,0.06762004640619304,26.118959317150324,0.08753963849774624,-2.2785584461319965
997,0.026015452420538997,29.535143058912663,0.05357286240239734,-2.7136572504996472
1194,0.3017079844999068,7.99602076376016,0.2900018460229627,-1.4146659429983297
