Mean (cents),Amplitude (normalized),Standard Deviation (cents),Offset (normalized),Skewness
4,0.1590697223259426,4.874915517419899,0.3944695497015775,-1.9928823432909166
92,0.06224140196364359,18.81707455709909,0.05937601472925388,-2.436898259675481
487,0.0926637064203359,11.569419773368095,0.03968180743656271,-0.679326700735696
700,0.24937452335536903,12.702318269615624,0.06117643030783974,2.062969358307671
791,0.08406928359579662,20.277442085925102,0.0719744000824695,-1.8104429537237172
997,0.03105088506529094,23.385768092565815,0.039907077911085435,-2.310098733874948
1194,0.32153047727362144,5.933448175416612,0.3334147198312112,1.0602596887385347
