Mean (cents),Amplitude (normalized),Standard Deviation (cents),Offset (normalized),Skewness
3,0.29165741535293377,4.271631594786247,0.30988535558196495,0.0008032055100872819
100,0.02003938253913432,25.326279389524917,0.06676186170510569,-4.411518216427567
492,0.2061425931977739,8.085250972576027,0.08780288805610253,-1.367301652974656
701,0.2775839810934366,6.711668012160186,0.10976890120971072,1.230226175390357
792,0.04341018558241448,19.423757942762577,0.07831584645191977,-2.9644376891689252
1195,0.1611664422343069,6.200147625368289,0.34746514699519643,1.4022305321483481
