Mean (cents),Amplitude (normalized),Standard Deviation (cents),Offset (normalized),Skewness
10,0.2690466396595073,6.7587273869511995,0.254951490977885,1.5606755217078032
70,0.0005263180953898268,0.4323893408794203,0.10262302293511878,-0.7410023930723861
493,0.056034206770665916,19.100788403117456,0.07759759129626873,-1.2051538752985809
698,0.3941280793356171,18.101693674367784,0.11866567847218479,1.630893805565425
806,0.0339817453988349,31.45165760516205,0.10219937902915098,-4.754071135478946
1005,0.06929972550640522,17.148760594438677,0.08651936037203946,0.0044663383881102725
1190,0.1769832852335797,5.284924487966335,0.25744347691735225,-1.7727369448740466
