Mean (cents),Amplitude (normalized),Standard Deviation (cents),Offset (normalized),Skewness
8,0.004326360768596964,3.617758809404013,-0.0341949179401762,1.5244994489340051
92,0.5684993455581439,240.87299963064982,0.6542282341120133,0.00011804979826284797
495,0.007642883771337543,22.358922642913708,-0.0142023203535718,2.005983950000695
704,0.014557541035037843,20.809843500446533,-0.008129283009757255,1.3135993647781228
800,0.0010134042036394428,38.374862854232504,-0.012565458713138845,-7.294825124242932
998,0.38600182233723374,290.5304170209779,0.4443686963199633,-0.0001962216879956315
1191,0.017958642326010733,6.124215176699569,-0.029504950415332378,0.7176420191689578
