Mean (cents),Amplitude (normalized),Standard Deviation (cents),Offset (normalized),Skewness
8,0.2721663694513931,10.610979918058945,0.36051024837907264,2.6969440667732063
492,0.09553380742714748,30.275500177646144,0.08737530951454027,0.7912629286343039
698,0.2852870125761505,25.54172183023883,0.14954124043859787,2.4916273422990973
1003,0.13357926737075934,67.14073289641183,0.02738225720094089,-1.748192222503066
1192,0.21343354317454963,8.818474702372258,0.3751909444668483,-3.155723874509289
