Mean (cents),Amplitude (normalized),Standard Deviation (cents),Offset (normalized),Skewness
3,0.19723328166410922,6.10488896630952,0.34350814334272023,-2.1149275731516988
100,0.023332590554777242,18.344668914620012,0.054531221971143864,-3.744792335531653
492,0.2520825457981202,7.4752446122991065,0.07992760588311346,-1.2411207471157153
701,0.3403674428353268,6.267637609841805,0.09409200656930954,1.1177081518334007
792,0.05919959003775278,17.296533546583127,0.03671474142061176,-2.15895516303076
1195,0.12778454910991371,6.047344971578612,0.3912262808131012,2.405458999614056
