Mean (cents),Amplitude (normalized),Standard Deviation (cents),Offset (normalized),Skewness
11,0.044517439964818356,6.194577431690911,-0.2324269102391655,0.6387495290172325
494,0.010689982731244344,24.92222244307481,-0.06805525334397491,-1.2731104432362956
698,0.05735321624727582,20.466485904160624,-0.10837609813829786,1.6565792499689518
805,0.8493015173630042,204.47890573314956,1.7170138781279862,-0.0006089636553724958
1008,0.010396668224218515,24.786267529266155,-0.07939400554559868,-0.9484718518684846
1188,0.027741175469438762,5.57291550333527,-0.22876161086094937,-1.1287515350863722
