Mean (cents),Amplitude (normalized),Standard Deviation (cents),Offset (normalized),Skewness
4,0.10494491544034264,4.755379940916135,0.5708399429598365,-2.405648539298341
89,0.08095375116140184,8.057835852130317,0.039468680665091085,-1.0958636351994224
499,0.2684991769727469,15.690624390405324,0.047761730794044666,-1.9344349557624403
891,0.1101407364191397,25.374444243932604,0.04258095232722774,2.3243426739362993
1193,0.4354614200063689,13.143782358678495,0.2993486932538001,-4.1905387842327935
