,t-stat,t-p,U-stat,U-p,Cross-entropy
Violin Main vs Vocal Main,-0.3975060340068481,0.6910447184174633,386926.0,9.937202178271971e-86,6.485118732114256
