Mean (cents),Amplitude (normalized),Standard Deviation (cents),Offset (normalized),Skewness
4,0.08414186419324615,3.2505391188776156,0.5677761580307062,-1.8444129574225276
89,0.08345824576977547,8.038595123169335,0.03310571470448698,-1.0926888550241214
499,0.2777398515204481,15.634795669294274,0.03957513385915332,-1.915735966039173
891,0.11061572803240423,23.700313048343123,0.049176360835114244,2.302488034627126
1193,0.4440443104841261,12.15503428138251,0.3103666325705393,-3.726800540210384
