Mean (cents),Amplitude (normalized),Standard Deviation (cents),Offset (normalized),Skewness
10,1.131906501061969,-170.02566490680255,0.522610752831342,-0.06108460591735725
463,-0.00920126595976532,55.72010536161814,0.07186251422068028,5.162973758627396
693,-0.04634034769674348,13.76034114071352,0.0901698431066909,-0.8090468113411037
891,-0.009956306085139713,30.245797269429485,0.05630553396626688,3.4167316373234615
1185,-0.06640858132032049,18.302617260647764,0.25905135587502004,-2.632113497487375
