Mean (cents),Amplitude (normalized),Standard Deviation (cents),Offset (normalized),Skewness
10,-4.104926634244429,-57.95772855255782,0.5565205444921857,-0.0054476012331145995
463,0.5294701331224715,44.003086736141114,0.061801445928067744,2.1570541288753255
693,1.483021690808673,18.66706164866578,0.08435236511800515,-1.5196887262099616
891,0.38895136175169776,50.642064065231814,0.04873326027305792,4.677762008833162
1185,2.7034834485615877,19.48873886289975,0.2485923841886836,-2.386123890085188
