Mean (cents),Amplitude (normalized),Standard Deviation (cents),Offset (normalized),Skewness
4,-4.149902926402523,-31.950582732479106,0.6590249672416145,-0.009639851782120214
89,0.5140945396044962,8.040254036012803,0.018527967806320083,0.0009909179929683866
498,1.635480752359003,15.763693118861116,0.029555760297753222,-1.5484424454718944
892,0.5819514708045117,25.224968731104045,0.03893081430257172,2.633848558360974
1191,2.4183761636345116,10.444348730820359,0.2539604903517404,-1.5528497619261767
