Mean (cents),Amplitude (normalized),Standard Deviation (cents),Offset (normalized),Skewness
4,0.040074935025822794,0.40133895760733995,0.5284625190253951,-1.7777288058748615
89,0.09143580299309871,7.861866077296778,0.024342823544036857,-1.061082226097504
499,0.30567688095886053,14.616979761348041,0.041629149564535686,-1.7623101626851672
891,0.09604162039575427,25.276667379308744,0.059968014522440875,3.6544188100743447
1193,0.46677076062646367,9.586544589970298,0.3455974933435916,-2.6174599833622794
