Mean (cents),Amplitude (normalized),Standard Deviation (cents),Offset (normalized),Skewness
467,0.1374274965449434,40.04456579872504,0.121427627552342,1.1994256817237245
693,0.25883788232789623,23.190784708511174,0.1847331009863443,-1.8095855593178443
892,0.07485305816957055,53.40958195147352,0.11613867483313989,4.512509991517217
1183,0.5288815629575898,19.530902542291223,0.5777005966281739,-1.7697184550565104
