,t-stat,t-p,U-stat,U-p,Cross-entropy
Violin Main vs Vocal Main,-0.5042188563208604,0.6141720486236287,388873.0,9.427962571408415e-85,6.470164849865803
