Mean (cents),Amplitude (normalized),Standard Deviation (cents),Offset (normalized),Skewness
8,-0.758708058282311,180.82764849387917,-0.18876444024758493,0.08556680680123359
362,1.4949908103894571,209.25211369533488,1.2972914938911644,-0.00017264473697733981
687,0.15105389380766945,36.76896843329293,-0.05319453771315296,-3.8297453414914733
1174,0.11266335408518442,49.66529248149163,-0.05533251593042642,-5.881005428571963
