Mean (cents),Amplitude (normalized),Standard Deviation (cents),Offset (normalized),Skewness
185,0.06762086308237669,27.686096814965328,0.16557621707769818,-3.7776290138096464
373,0.1723122214557527,15.121565066060727,0.20756571470357543,-1.5375467064006059
691,0.4026853954977284,27.57297443021862,0.21177741552894433,-3.5029187741980965
884,0.04989643262136427,38.05288674622964,0.20279129184514508,3.7719152265019167
1186,0.30748508734277796,39.025442439375645,0.21228936084463695,-7.855611581187911
