Mean (cents),Amplitude (normalized),Standard Deviation (cents),Offset (normalized),Skewness
5,0.07245821309915694,5.9695763044582,0.5186593702021006,-2.5975896742539843
194,0.09961646207395221,12.75308253918745,0.07861095618047094,0.827075033711493
374,0.029093341604900125,31.508270799536827,0.04142185445500188,4.209692825843839
698,0.4053291499612427,17.408959430910457,0.023426265117860768,-1.7886630944832291
906,0.18784275206379664,34.33510170529662,-0.24008228942644066,0.006844809144332261
1109,0.036796671916128995,14.269388245845171,0.11519531371009689,1.5391433046400302
1194,0.1688634092808223,8.374551921797615,0.46276852976090954,1.9098583097892656
