Mean (cents),Amplitude (normalized),Standard Deviation (cents),Offset (normalized),Skewness
4,0.14761313549937516,5.13804818626893,0.39445872592623793,-1.6227389599101951
194,0.09546075278229511,12.087235164300026,0.06279081073639213,0.897507795366006
373,0.02768297740830529,32.49256085902209,0.029330516631059782,4.710449978373734
699,0.3615223189081575,16.830789676437654,0.03411552893000718,-2.195757655867021
911,0.028837063194892355,30.137536357856057,0.03735526291642841,-4.634664880486411
1109,0.03498448709349033,13.249708289398077,0.09653149426547718,1.7143169832982774
1195,0.3038992651134842,5.331669118361983,0.3454176605943973,-0.5659363305611756
