Mean (cents),Amplitude (normalized),Standard Deviation (cents),Offset (normalized),Skewness
176,0.04317839328903566,20.808154746064936,10.686377890955635,1.238265895566757
365,0.4469776596758408,82.88839291721497,-47.371076103539274,0.011672413474580813
688,0.2961571962910422,35.658907998702674,17.870590738371156,-4.208884926678246
1174,0.2136867507440813,49.29911819583935,19.814107474212477,-6.489272621214634
