Mean (cents),Amplitude (normalized),Standard Deviation (cents),Offset (normalized),Skewness
4,0.10773769668651548,4.896434604612303,0.3135438447301234,-2.190954254947806
196,0.10229075089677939,11.999825237706883,0.06851683901763485,-1.0284918139093762
387,0.1119907417756098,11.721952462329591,0.07037148771449717,-1.124087448101453
693,0.33624580828822864,11.079550532136977,0.07662852090186172,1.0128951898309893
905,0.031968222448952935,19.012548491388994,0.07247463131790334,-4.02015408770156
1102,0.07070878427038134,13.088810365605356,0.1255948800091868,-2.2968232288245267
1195,0.23905799563353247,5.073986034311435,0.27286979630879266,0.9077320196056244
