Mean (cents),Amplitude (normalized),Standard Deviation (cents),Offset (normalized),Skewness
5,3.733135259301757,189.66919534790026,0.3638639354175191,0.13665914783033642
185,-0.18828524583528114,23.945708247948172,0.06808240413897026,-3.8263949418724614
373,-0.46709713295242916,13.349601481729971,0.08969526947921103,-1.8140200256842733
692,-1.1025679613488055,23.855305713519403,0.09830637895630731,-3.5613675640707774
883,-0.11166709282439694,27.725907132566423,0.09137985548066584,3.440567982894218
1107,-0.019595809728815163,3.4978107885348146,0.1914643511883012,0.6506560609496501
1187,-0.8439220166120289,31.4057077277041,0.09720780533902523,-7.817501823268175
