Mean (cents),Amplitude (normalized),Standard Deviation (cents),Offset (normalized),Skewness
7,0.02559529236682147,2.194791393555713,0.43247082077482957,-0.08243816872254321
190,0.09475836084477561,31.23224842307099,0.1248243293687171,2.206268494358451
377,0.12815034670614248,21.921755921659532,0.10357528252792068,2.911839875906683
699,0.24889966680591974,19.148180412374625,0.14745491652913234,-2.109325051366708
906,0.06249000045467312,22.198561670724676,0.11004504236548816,-1.82169393437837
1094,0.27091568099466323,51.45343344213725,-0.2990788902127013,1.9447457633393732
1191,0.1691906518270044,7.904604478694941,0.38070849864661316,0.6423515151277109
