Mean (cents),Amplitude (normalized),Standard Deviation (cents),Offset (normalized),Skewness
5,0.15795233976730402,-7.845714252931073,0.3883782350201473,-2.977121249032024
189,0.03979162126153806,-26.640605427833794,0.06515156573516973,-2.0565433767539303
497,0.21830413914514235,-10.41993127515916,0.06268163997448532,1.138463221530668
696,0.17828227954525136,-10.923262357992884,0.06519300431175896,1.5166046217589781
787,0.08864025754280541,-21.081419732225786,0.08724013558240405,-1.8934407009412584
1195,0.3170293627379588,5.814914294794414,0.33135541937603463,-1.07105203062331
