Mean (cents),Amplitude (normalized),Standard Deviation (cents),Offset (normalized),Skewness
5,0.10956515821928586,1.5199184738288145,0.3262546724189194,-0.018762029912766823
84,0.03554256034182235,12.378313028738466,0.09266507791458496,-3.8988152842928394
189,0.032966993113463745,12.847570689972226,0.05261588546909574,3.788028473750546
497,0.2578138470537747,10.161188651637072,0.06174346272558269,1.8770034820311496
696,0.23800353259090087,7.289399812624416,0.07477817564413207,-1.4034477029514414
787,0.06448550870784235,7.814683923101521,0.10353241417997111,-1.6820445053800783
1195,0.2616223999729102,3.804584365636294,0.28841031164771397,1.391702791754794
