Mean (cents),Amplitude (normalized),Standard Deviation (cents),Offset (normalized),Skewness
5,-0.05044063802294183,0.30576262522235903,0.6581862874859398,-0.4564106207298415
206,0.062873902862569,15.00087653895559,0.1012144769755732,-1.0547115088051906
505,0.032887338282128926,51.64222452427307,0.05298385251093036,-8.484547655538435
702,0.047195979212187815,20.21412882600599,0.06036616418077292,2.874642456087604
794,0.41443880765737945,51.0104419446122,-0.3422283663396606,0.002331572157230253
979,0.0880776242126852,12.87728536007724,0.06390031918962469,-1.1500481089974908
1193,0.40496698579599133,11.342318124981178,0.40557726599681954,2.5774782210724725
