Mean (cents),Amplitude (normalized),Standard Deviation (cents),Offset (normalized),Skewness
4,0.14727950997608188,3.4880339795230992,0.38227771802404575,0.020076370642694727
205,0.03137675273943986,20.877174001699117,0.04627152765809864,0.6577880641334736
497,0.05985270648848045,20.832138542371283,0.03812488196317873,-2.1800217619894657
707,0.08375474074147148,13.227819160736265,0.09615902708696132,1.8646282597000094
789,0.02962832793380516,58.64138054942506,0.0731919129944619,-4.292527019906954
921,0.00968319761807719,123.77020784350897,0.08422168398180913,17.464093954184005
978,0.022704786986993505,60.71949497000132,0.05022046021705438,-10.198194080507509
1193,0.6157199775156504,5.417111862109451,0.2295327880743901,0.025577458079281197
