Mean (cents),Amplitude (normalized),Standard Deviation (cents),Offset (normalized),Skewness
5,0.15795092492284662,7.845755835372097,0.38837716463031746,2.9771739712636194
189,0.039791962703410615,26.640777048487507,0.06515054563120883,2.0564653641065065
497,0.21830795394668726,10.41961953290933,0.06268226035251771,-1.138381364237855
696,0.17828136489912616,10.92324996956956,0.06519297868670083,-1.5166111456441191
787,0.08863999153583715,21.081380262358735,0.08723993142924967,1.8934291817588123
1195,0.3170278019920922,5.814467751447734,0.33135711927000533,-1.0712158804030167
