Mean (cents),Amplitude (normalized),Standard Deviation (cents),Offset (normalized),Skewness
5,0.1545875920350358,2.3097929850520367,0.498937406163321,-0.3351433672480938
496,0.07699607737852185,16.662855166621068,0.02530655561624352,-1.7720388854946836
701,0.1965514902748088,9.223606302599308,0.060366383047877316,-0.7407603876113542
789,0.03159909812918787,20.288394236900483,0.0608736691126181,0.9167984303784242
1194,0.5402657421824456,6.393851005617654,0.35451598605994,1.0884263834442642
