Mean (cents),Amplitude (normalized),Standard Deviation (cents),Offset (normalized),Skewness
5,0.22596887267651655,5.375794792311518,0.483937315408665,-0.8207285303055545
496,0.05248956307661367,22.610872746076108,0.030052489476447872,-2.7210485049890782
701,0.14039204150066353,12.388084395161766,0.07848185542753373,1.3621640384003413
788,0.024283911260979913,34.037114110160196,0.08747605029291347,-2.2445999824274576
1193,0.5568656114852263,7.5712657687674465,0.32005228939443997,-0.902284932944607
