Mean (cents),Amplitude (normalized),Standard Deviation (cents),Offset (normalized),Skewness
9,-0.6229042702780706,-48.46290106143255,0.4130168210507873,-0.014507461790575023
176,0.10994383204557515,39.065288571704976,0.09176773461380214,-2.3106270374150877
494,0.20956553724579818,25.422371199331494,0.05864451197571084,-2.3804748964560543
697,0.3454502524666921,18.302367081977305,0.07192028511861344,1.9115308801698212
840,0.031945746621309924,44.26416206159895,0.07667455809732261,12.88423857370435
895,0.021822255265105134,111.54409139000218,0.07880398133953712,-16.968933641205368
995,0.14485280189481864,15.110133662694851,0.0652059820321036,-1.23704113788565
1186,0.7593238447387715,12.867818347355302,0.143966125772123,-0.9899080534107426
