Mean (cents),Amplitude (normalized),Standard Deviation (cents),Offset (normalized),Skewness
10,0.13784331684073553,5.353107108763223,0.31098799406387523,0.20576488307335514
193,0.07828018105022173,67.1667283105802,0.08514350383819053,-5.4721983297800305
485,0.14277748121302847,33.25982496792283,0.07488772038984627,-1.501523538634969
694,0.3327328517624637,24.70257891895096,0.1252479835242292,1.6408134993072916
795,0.00931116054449492,30.741512809444888,0.14061314864536223,7.635830650667957
1187,0.2990550085890557,9.914543495077552,0.2631196495384965,-0.5259513215060119
