Mean (cents),Amplitude (normalized),Standard Deviation (cents),Offset (normalized),Skewness
178,0.06699537673699706,22.15167360367093,0.16872767434614525,0.8491446396486836
493,0.13680123207522665,23.85238868574084,0.08785689555706092,-1.6844096004431703
697,0.20065822678929449,16.38272414828252,0.13679634583856043,1.3450662457749487
841,0.025262289809599412,23.02766800187422,0.11430245089497565,3.252350782376882
895,0.01728907366856046,22.361245268534176,0.12396761136909802,-2.3440913626883404
996,0.09541028481620877,15.042775166478526,0.09358581093467769,-0.7191904809126317
1185,0.45758351610411324,10.757070938478314,0.274763211059482,0.004103935013969972
