Mean (cents),Amplitude (normalized),Standard Deviation (cents),Offset (normalized),Skewness
5,0.16451972289924005,3.3683284197383885,0.38392576410084234,0.5836004787367868
189,0.02895466758580526,19.060021174170565,0.06671539966873348,3.791768772869137
497,0.26766199796551143,7.6297815103454445,0.07013316453502248,0.46068594222851994
696,0.17874651810333844,9.257661826217594,0.07541082084154756,-1.6141584702508815
787,0.08544689893445977,17.208855899252097,0.08312916896384295,1.8073109768732583
1195,0.27467019451164504,4.959611313463204,0.32068568189001107,1.1411809647030968
