Mean (cents),Amplitude (normalized),Standard Deviation (cents),Offset (normalized),Skewness
5,0.003755142328983695,1.651280469882846,-0.04870027004996428,0.40956993814913256
90,0.9190942833999785,333.2075080839594,1.0980361810384394,-3.0202396375426517e-05
206,0.007385031883739253,14.628238339371281,-0.007140530823499784,-0.5118512935107357
505,0.0034265250262645102,39.57096368784691,-0.003914110012902482,-5.126787938144096
702,0.004226358461536533,25.983535465193373,-0.004237849332020599,3.7554869604531613
794,0.014860651737367987,31.373622040205678,0.0003296618311483041,0.00245803547894167
979,0.007537100134266772,13.984312850438519,-0.005151185486677768,-1.4413317829799868
1193,0.03971490702786272,11.45921561162968,-0.02922189716452272,2.3679132524600766
