Mean (cents),Amplitude (normalized),Standard Deviation (cents),Offset (normalized),Skewness
9,1.0088231026216616,-326.6175140156032,0.4112581184158024,228.02912933782224
176,-0.0004911733681734424,24.402151698420774,0.0985806803251222,1.7081077468492254
494,-0.0012904814341960973,22.955380630739686,0.049393738511598416,-1.9012809795114871
697,-0.002014053430423969,13.68949052314258,0.08406812434752065,1.3850516344168597
840,-0.0002674966933872365,19.861289334215954,0.06308646877240333,3.7156479837940264
895,-0.00017168337728660702,18.509094508559308,0.0701196033357819,-2.2519608433365503
995,-0.0009235998565650701,13.695387568020157,0.05381484499733183,0.8457584874617862
1186,-0.0036646144616292206,11.825768547514357,0.16967842129443927,-1.1717031090940784
