Mean (cents),Amplitude (normalized),Standard Deviation (cents),Offset (normalized),Skewness
10,0.005376296443469499,4.054330052816371,-0.043937016526457394,1.157393005293554
105,0.0008486802997275918,55.36591891525346,-0.014864122324838244,10.157663235477564
193,0.9302696637304041,237.35939902124227,1.1425319289116647,0.0003805977162526039
485,0.013753210727614304,33.750951781692365,-0.007982022508533523,-1.4685464781587776
694,0.029513757749720426,22.26939732656435,-0.01855947329307881,1.5337467000041067
795,0.0012465384469646965,32.136014790300194,-0.015694833873865596,4.6775364545981475
1187,0.01899185260209937,7.783741811259911,-0.041494460384891005,-0.798221971240542
