Mean (cents),Amplitude (normalized),Standard Deviation (cents),Offset (normalized),Skewness
3,0.12862600030120275,6.4604953002076195,0.5084637882210087,-3.968036154580372
95,0.03186840329118967,12.657597497629414,0.046395803394433256,-1.6373731904707607
498,0.10389488072748503,12.945106795043376,0.011555196629394849,-1.476801506337782
696,0.14684271441075128,8.32259094898807,0.028569560713819886,-0.6340478887875877
788,0.03197821247901292,15.758355365653982,0.043230884705682544,-0.7981985750444202
993,0.034438816189614786,36.061033473629614,0.023146066634828735,-2.404235491870404
1195,0.5223509726007436,7.824189605502824,0.33863869970083205,1.7613549400614645
