Mean (cents),Amplitude (normalized),Standard Deviation (cents),Offset (normalized),Skewness
7,0.3530177662935279,6.489900018529993,0.2509870063735313,-0.8476824898660372
86,0.10308773823523622,16.577090780868147,0.12874737205723594,-2.3429812290210466
479,0.09396824576227554,15.80648229412568,0.08860120345620215,0.794331335095654
705,0.2851671178784524,16.524145557159418,0.08628741410142014,1.3107467780169795
780,0.01317577944220123,6.754264540755451,0.09961234304676873,1.0318676215417504
1004,0.011150722984806197,15.734400615941286,0.07419416369872338,-1.7212239072079916
1193,0.14043262940350043,2.60661527984107,0.27157049726611826,-0.03996044600893752
