Mean (cents),Amplitude (normalized),Standard Deviation (cents),Offset (normalized),Skewness
4,-0.021740336157080938,-0.1480210162564981,0.5682226605506614,-1.457552227563347
85,0.34520502753707755,14.170062581889509,0.06998743950167334,-1.0586403635481734
484,0.08327294596116429,17.6471838652827,0.031917022410421256,-1.3372048333900002
700,0.08657415665314687,14.619282408832188,0.04289907894593702,1.151852143708943
787,0.02682627122082437,30.944623583371047,0.04262517679679235,-2.5635030464006516
990,0.02370465384119654,26.114631898277775,0.04546218505211754,-2.560162045541759
1195,0.4561572809436714,17.524293655507226,0.19888643674239714,2.1566921382503272
