Mean (cents),Amplitude (normalized),Standard Deviation (cents),Offset (normalized),Skewness
3,0.18785404123535648,9.005137372204718,0.48727164306842213,-2.791936673882112
95,0.026001040156395875,28.06258560456815,0.03834368565687029,-2.853111032858588
498,0.07894096685546166,13.303487328325682,0.01866160105376788,-1.535007137678242
696,0.12646779620292142,7.80814258310621,0.04340430954988082,-0.007785452243680279
788,0.023215020770644964,29.19685756736978,0.051307205493140884,-2.286678008173934
993,0.021211381004802604,47.30741226957147,0.05214115494236209,-4.572828691502649
1195,0.5363097537744171,7.064895569788953,0.3088704002355559,-1.090954981726037
