Mean (cents),Amplitude (normalized),Standard Deviation (cents),Offset (normalized),Skewness
2,-0.1658248187208699,-45.656915458111754,0.7044385327883204,-3.446337306437808
85,0.3058548850474923,7.760837480250629,0.05732707725938951,-0.7592763302535691
484,0.07624766416009816,9.132327798791467,0.022217277989837466,0.002851918814769729
700,0.0688961253215063,8.956238016929051,0.024361106376250767,-1.284909241772349
787,0.016262537358538512,14.215716841185895,0.033279449751387004,-1.512970745374465
991,0.015592134212147746,15.710716466622438,0.024697904877269788,-2.3335168272815525
1196,0.6829714726210868,5.373832745695763,0.13367865095754508,-0.004836605629437876
