Mean (cents),Amplitude (normalized),Standard Deviation (cents),Offset (normalized),Skewness
4,0.15948450110981344,6.991764348107377,0.3157904338379774,2.071451313491113
109,0.07635437647063278,34.36119833879146,0.05664259880802216,-6.098598710687925
199,0.03455902051624643,40.75576437216823,0.036158063564687114,2.9519333189354544
495,0.12943311534611185,14.412921440066727,0.0744111304328341,-0.9103770995914305
696,0.19733795008132177,10.59664199201018,0.09919440125778514,1.0247551740063583
793,0.046935501334857146,40.02588141711884,0.05033757637430919,-3.758057223011515
1004,0.03463430853136823,28.77275907890628,0.0834845081700121,-2.1498840859032207
1195,0.32126122660964834,4.382924636306791,0.28398128755437274,0.002996231137969173
