Mean (cents),Amplitude (normalized),Standard Deviation (cents),Offset (normalized),Skewness
8,0.3686444838381292,10.944560348146267,0.2885720446138585,1.1445361822358964
86,0.09047011909982398,32.39107735002587,0.20485738885670085,-4.089580243632708
480,0.1537053706608246,24.51184127004548,0.09114101899768129,-0.6034272030093828
705,0.2485937187872524,28.19468079967887,0.09345930612483552,2.5703569428133224
1192,0.13858630761396978,9.063377007391047,0.32197024140692393,2.2958469127918657
