Mean (cents),Amplitude (normalized),Standard Deviation (cents),Offset (normalized),Skewness
10,0.26360896500031067,6.79325380661579,0.30215305703301654,0.22183921650604588
488,0.1355408386302014,29.754734806864743,0.04354612434895733,-0.7684889727244447
702,0.23312219905990703,32.76051288885383,0.10541465710178329,3.1138151123286772
766,0.009066100985416749,3.763655307885584,0.1913214583331493,0.08292359853228094
998,0.02685997363318451,36.07142855803164,0.091882669061894,3.2447966708228466
1189,0.33180192269097974,9.714004720605315,0.2656820341211996,0.9970625633962968
