Mean (cents),Amplitude (normalized),Standard Deviation (cents),Offset (normalized),Skewness
85,0.2673688234854639,7.339930385984317,0.20989152176131545,-0.6638769606243158
484,0.060153487416226066,9.760832798338232,0.06952790150320595,-0.5490604453372181
700,0.05910609993702562,8.736192353013585,0.07827880506527271,-1.268196503845112
787,0.01812536358603405,9.265267035690533,0.10643270000415961,-0.002948175423617084
991,0.013871292800926086,14.561506237382059,0.07296326363737794,-2.053664473672777
1196,0.5813749327743243,5.233790661002013,0.46290580802866826,-0.002702065033520783
