Mean (cents),Amplitude (normalized),Standard Deviation (cents),Offset (normalized),Skewness
8,0.1515560925454146,4.459248340865823,0.2889826149860673,1.4855353205360842
86,0.05726061755955499,31.13036300064973,0.09693952630708154,-4.105898117368014
488,0.0842816053382635,30.088316967181797,0.05342887284721734,1.9697213527022863
702,0.27806780059119707,19.794683142527482,0.10677280644318371,2.144613313891914
768,0.029968727589722143,15.133996413501508,0.12058917318388222,-2.172701275350268
998,0.027181804424079657,21.289480857792583,0.06904279767498908,2.4957775096168096
1190,0.371683351951768,4.975753814449659,0.26424420855757885,-0.0004584616456356676
