Mean (cents),Amplitude (normalized),Standard Deviation (cents),Offset (normalized),Skewness
4,0.15165326023078463,4.791181461294236,0.31134267458898424,-1.3856643605058456
109,0.09111915457019351,24.23881546615231,0.06235770781872385,-5.0506910792407815
199,0.02808355368468396,53.52225690098248,0.041899650885056185,7.474737358097758
495,0.17567348779046746,10.61249562800214,0.06783298727277486,-0.002541049710839712
696,0.25643363714579703,8.925762243677083,0.0775650667274983,0.6740586864576678
793,0.04110662450046345,19.041210458293996,0.08874754686203559,-2.698378068380261
1004,0.03500116466558409,13.926025703293593,0.08314276166113557,1.0722890791012722
1195,0.22092911741202595,5.66405739168617,0.2671116041837914,1.8659726906728844
