Mean (cents),Amplitude (normalized),Standard Deviation (cents),Offset (normalized),Skewness
5,0.010043128920950793,1.3628240910505627,0.29012872822145086,-0.046256331355430676
200,0.11663205932054528,11.686235889391725,0.1218002450366931,0.9851206998902091
395,0.3509077577093631,12.401108052015326,0.09835348480353472,1.0079937252496238
600,0.026570419454573776,17.800517153916726,0.0353098683170533,3.613594954828215
699,0.26844230679397996,8.145882429206855,0.10198567734226714,-0.9130413065625683
901,0.023773402705157484,13.98829376285448,0.05884026967179517,1.5886038596501224
1102,0.12199583565471048,15.408465485522692,0.060954833636139474,1.662060250732881
1194,0.08163508944071932,8.994646974299519,0.23262689297106615,-2.0823326894155496
