,t-stat,t-p,U-stat,U-p,Cross-entropy
Violin vs Vocal,0.05755707431342183,0.9541083433043733,477420.0,2.4838837870606106e-46,6.5991057941023445
