Mean (cents),Amplitude (normalized),Standard Deviation (cents),Offset (normalized),Skewness
4,0.024092221453998773,1.8431342751565587,0.2879511890955385,0.43706073692526454
201,0.12289434802843158,8.871093972986118,0.12973071839410122,-0.5593372981716938
395,0.33354538532598393,11.286507853410429,0.096236841658662,1.0161668655185563
599,0.026513026634549998,14.14109266573383,0.03531158252698824,3.782377764338575
700,0.26741690337532575,6.989010540469335,0.1018125113120133,-1.3265947066666055
902,0.02722362253372467,8.13280558339706,0.06594806622006438,-0.5604109738699938
1103,0.11183878992731779,14.811616740678476,0.053914273625203665,1.8795364287491796
1195,0.08647570272066765,7.480882107653129,0.22909481716742866,-3.054242693577263
