Mean (cents),Amplitude (normalized),Standard Deviation (cents),Offset (normalized),Skewness
12,0.17549997638787906,6.556700977016387,0.18937701142898847,0.32498537636573427
206,0.20355145827034654,20.069616969806383,0.10222519878695539,1.2150163231220206
391,0.29223624348153515,22.390289352620616,0.11834100826366735,2.173673118469652
607,0.044727611124445454,19.448755759681376,0.09006409829156005,1.4762830083726495
691,0.030482194651192285,30.254938769073505,0.09735430167560952,-4.408457039372828
903,0.041000530125894497,31.301559803559606,0.059275329318629784,3.3509559060162575
1111,0.14290583079126967,17.855093888868897,0.13914940102029671,1.1266937141211122
1188,0.06959615516743729,3.8010575150253123,0.2042136512142928,0.035462415478743584
