Mean (cents),Amplitude (normalized),Standard Deviation (cents),Offset (normalized),Skewness
9,1.9111224672053135,189.74745197789207,0.39194058903914575,0.07074194640468597
187,-0.11118164352959874,21.44687228175087,0.08667775100819261,0.6197879648744937
367,-0.20769456835491262,25.970654995309083,0.11086186606581463,2.21479173877151
684,-0.14511517788142086,36.64520558253996,0.06451597356817057,-3.0006696631230687
884,-0.060289097697734856,27.67900568347601,0.061567342015715475,1.9509369211399508
1086,-0.11348897347683531,26.586511874188023,0.14348084213345122,3.602678966980741
1185,-0.2733530062648113,25.508342643177162,0.1409556361695097,-4.831644401853635
