Mean (cents),Amplitude (normalized),Standard Deviation (cents),Offset (normalized),Skewness
187,0.09875789263522329,19.633900723110756,0.15330420985043244,0.8337683401044399
367,0.2201683246268305,24.915518208856376,0.18911429565393065,2.322457959018356
684,0.15279637953606037,33.00940718335506,0.1210078228557835,-2.8082240521676125
884,0.06729103018026812,23.73458859395189,0.10126032847524788,1.577680177933543
1086,0.1343972659811611,21.836115813330004,0.22754410740794057,2.795278450806351
1185,0.3265891070404568,24.44695829979914,0.207769235756665,-4.343388882917048
