Mean (cents),Amplitude (normalized),Standard Deviation (cents),Offset (normalized),Skewness
5,0.25043864330496257,10.516300738847349,0.33244298096180874,-3.2739794527280077
203,0.0555409283279807,13.724791084247101,0.02835791769912211,-0.9707053441762722
390,0.06783014099903568,19.692529793954378,0.02017258746541217,-1.5711758377420681
701,0.3950395623844787,11.81380008220556,0.0579602006634886,-1.3927807269917893
895,0.03645879794806022,48.32036596037284,0.035534687573390206,6.206478527071232
1104,0.12439407654515258,19.05283085303656,0.0423368146212775,2.063142677219905
1193,0.07029785049032962,2.4695523967440787,0.48319481101550066,0.09749200484800571
