Mean (cents),Amplitude (normalized),Standard Deviation (cents),Offset (normalized),Skewness
5,0.03509217783572069,1.6844118057949817,0.26526113734426754,0.12544900310195223
204,0.17685560274128942,12.466808419629386,0.07963564871436357,0.4371206716449153
386,0.2648622808003367,9.689956469397906,0.14957572222444343,0.0018905220406257664
703,0.2805622942362432,18.116897237379003,0.08228089697999491,-3.2338873870664
920,0.04403808670643052,26.89764017586912,0.09376268406033274,-3.091732987019479
1111,0.08857462675019069,24.662788576794462,0.08611683427695371,3.6298917586478594
1191,0.11001493092978887,12.007894967195298,0.2433670763996441,-3.4097317735109987
