Mean (cents),Amplitude (normalized),Standard Deviation (cents),Offset (normalized),Skewness
7,1.447560060255149,179.70610482008644,0.36641950761552167,0.08635243325039098
186,-0.035086383388374456,18.031073150757972,0.09985769601630404,1.2168057066512081
366,-0.09694535179837206,23.530250023484587,0.11812794966654021,2.6822791037138507
684,-0.06482568764890287,29.853405980315937,0.08143826806391172,-2.8860439850650326
884,-0.031037887352956837,20.402268990200525,0.062276440971513844,1.3667334941189215
1086,-0.068128495583693,18.26548582641023,0.13416818253299695,2.5115952861773168
1187,-0.15153625448284966,21.243287763868313,0.13771195513321166,-4.798640984820751
