Mean (cents),Amplitude (normalized),Standard Deviation (cents),Offset (normalized),Skewness
684,0.38103370400946385,23.145950168776366,0.32340176230130263,-1.553307390408216
881,0.08888417045613363,29.616367779016173,0.16421421309459186,2.264198175318478
1185,0.5300821255344026,18.045434965387173,0.5123840246041055,-2.9891631695570298
