Mean (cents),Amplitude (normalized),Standard Deviation (cents),Offset (normalized),Skewness
5,0.3259245155222535,6.8919857067278,0.31839292339344755,-2.0932809572170172
204,0.04130259237319382,13.251037860965159,0.030361912881232907,-1.4019354228672871
390,0.05445859658162659,19.296920828832466,0.01709894420324441,-1.74930811768831
701,0.345921283627766,9.997978191520033,0.0657652937972295,-1.615450334546428
892,0.028505240976168557,46.92351976631474,0.033335649149673734,7.2079814424690545
1104,0.10151220029956484,17.609674592516726,0.04096278955165511,2.2376287175557694
1194,0.10237557061942655,2.491221783349373,0.4940824870235167,0.06741270239663627
