Mean (cents),Amplitude (normalized),Standard Deviation (cents),Offset (normalized),Skewness
4,0.13715671836203258,5.804563666868233,0.3913600389373194,-2.643526825139985
200,0.13106314817559117,10.096144994657879,0.03004181185794899,0.5845596595075051
387,0.13553072044365466,15.29913837234106,0.030874071678458404,-2.153135969000974
702,0.235096070577987,11.203532434785396,0.05262441138812753,-1.9459831905838114
902,0.027746973332550565,15.866879526462876,0.04573706956861596,1.7672926643635154
1096,0.11494481452798931,12.640760303878023,0.051719417355242936,2.7093157591422385
1194,0.2184615545801947,4.445703330593679,0.39764317921428677,0.23853093502721065
