Mean (cents),Amplitude (normalized),Standard Deviation (cents),Offset (normalized),Skewness
8,1.0587519150833964,-157.0833965583077,0.5291448777931629,-0.04907359827421383
684,-0.022386459821875992,23.145950168776366,0.15227537631028634,-1.553307390408216
881,-0.005222115234896888,29.616367779016173,0.07732110337475363,2.264198175318478
1185,-0.03114334002662346,18.045434965387173,0.24125864252179707,-2.9891631695570298
