Mean (cents),Amplitude (normalized),Standard Deviation (cents),Offset (normalized),Skewness
4,0.07816302185162315,2.059097641643946,0.26867821419618604,-0.37829881872577764
205,0.14480591366268888,13.105099697039641,0.08424720118450672,-1.0129384441955787
387,0.2629211786427778,8.480335215133545,0.15196031331114174,0.0010942305840869872
704,0.2741119094592307,16.53711284068915,0.08218284833362362,-4.017840509984052
923,0.044436081238445654,25.701667829721707,0.08574236992781718,-2.938762146751612
1111,0.08462309186017643,22.235913398954725,0.08577765096727083,3.728242377740016
1193,0.11093880328505738,11.263758437088192,0.241411402079454,-5.4187537710606675
